advertisement_id,advertiser_id,source_channel_id,fiscal_week,retailer_name_on_ad,brand_name_on_ad,website_ad_rank,ad_impressions,ad_clicks,ad_conversions,total_ad_spend
1030545,22,5,3,0,1,6,56,3,0,0.28
1070330,3,5,6,0,0,5,78,74,46,24.67
1105241,30,5,7,0,0,2,1827,34,12,11.33
1164162,12,5,12,0,1,1,175,3,2,0.25
1211968,16,5,12,0,0,1,30961,237,220,81.26
1238400,28,5,9,0,1,3,336,73,48,12.35
1385251,8,5,8,0,1,5,11585,1150,800,400.98
1406524,13,5,2,0,1,8,28,1,0,0.12
1469959,10,5,5,0,1,7,490,6,4,1.20
1560732,10,5,3,1,1,2,7812,117,18,6.88
1572157,30,5,13,0,0,6,136213,4,3,0.18
1579505,10,5,3,1,1,3,16835,1,0,0.03
1583608,10,5,9,0,1,9,7,2,1,0.24
1680203,10,5,3,0,1,10,42,7,6,3.50
1691710,28,5,3,0,1,8,77,2,1,0.47
1709401,16,5,11,0,1,3,25830,148,33,28.24
1731551,18,5,7,0,1,7,1505,60,39,15.85
1761219,10,5,13,0,1,1,98,14,10,4.67
1790511,24,5,8,0,0,9,56,1,0,0.12
1822334,16,5,12,0,0,9,4466,545,289,168.90
1879130,19,5,12,0,1,2,25830,80,21,30.42
1893525,23,5,7,0,1,8,238,3,0,1.00
1955069,27,5,8,0,1,5,50,24,23,4.57
1960992,10,5,9,0,0,10,91,18,5,5.63
1980404,23,5,6,1,1,10,469,1,0,0.12
1992500,13,5,13,0,1,8,3472,149,26,40.64
2001914,13,5,1,0,1,5,175,53,7,12.40
2013347,25,5,10,0,1,1,322,23,0,3.45
2063374,17,5,10,0,1,10,1589,41,12,7.97
2084074,2,5,5,1,1,10,91,4,1,0.49
2121189,13,5,7,1,1,8,2464,229,139,8.17
2126789,26,5,6,0,1,8,441,24,19,4.57
2132990,15,5,12,1,1,6,168,1,0,0.12
2371676,14,5,10,1,0,8,133,18,8,6.75
2433582,20,5,7,0,0,6,175,10,1,2.22
2449113,2,5,8,0,0,10,3045,34,0,3.40
2454270,21,5,12,0,0,9,1687,45,43,25.88
2518786,14,5,2,0,0,7,14,1,0,0.17
2600427,9,5,4,0,1,3,77,7,6,1.17
2626076,1,5,13,0,1,6,77,3,1,1.50
2724384,12,5,5,0,1,6,308,12,5,5.45
2755156,28,5,7,0,0,10,14,2,1,0.24
2773740,22,5,1,0,0,2,3045,16,13,1.67
2823907,17,5,5,0,1,8,441,86,41,31.68
2831857,12,5,13,1,1,5,294,1,0,0.12
2849415,19,5,1,1,1,8,196,1,0,0.12
2864468,27,5,2,1,1,4,2464,2098,1711,104.39
2885137,13,5,4,0,0,7,217,3,1,0.50
2925734,30,5,3,0,1,9,11,7,0,1.17
2949003,20,5,7,0,1,8,322,67,3,19.31
2990025,11,5,4,0,1,1,7,3,1,0.02
3006698,20,5,8,0,0,7,98,22,21,8.11
3021895,30,5,6,0,1,9,287,2,1,0.41
3045584,29,5,4,0,1,7,161,1,0,0.08
3111526,13,5,9,0,1,5,2170,37,29,4.48
3138898,3,5,8,1,1,2,70,1,0,0.12
3145032,8,5,10,0,0,7,136213,2,0,0.09
3240505,9,5,10,0,0,7,217,3,1,1.00
3317046,19,5,9,0,1,9,3472,154,78,70.82
3407833,26,5,2,0,0,6,70,17,9,2.27
3469798,1,5,6,0,0,6,560,1,0,0.12
3470881,17,5,3,0,1,1,728,29,4,2.23
3650606,4,5,12,0,1,10,98,11,10,3.30
3723054,28,5,8,0,1,10,322,62,19,12.40
3725563,30,5,8,0,0,4,1806,1,0,0.14
3770766,6,5,8,0,1,6,210,1,0,0.12
3773801,20,5,5,0,1,10,42,1,0,0.12
3820228,8,5,8,1,1,9,1330,4,3,0.01
3865372,26,5,3,0,0,2,84,2,0,1.00
3870043,30,5,9,0,0,9,175,6,1,0.38
3881458,21,5,7,1,1,6,16835,1,0,0.03
4080437,7,5,6,1,1,9,2289,9,0,0.10
4095884,28,5,2,0,1,6,322,1,0,0.21
4203789,24,5,6,0,0,5,5040,271,229,144.53
4256807,26,5,7,0,0,3,7,3,0,0.37
4337344,29,5,2,0,1,1,165361,95,44,36.19
4345034,30,5,13,0,0,2,49,18,17,6.75
4414494,24,5,11,0,1,5,77,6,2,2.40
4473155,24,5,2,1,0,8,182,2,1,0.07
4491886,8,5,2,0,0,6,3969,116,68,16.89
4537160,29,5,2,1,1,3,168,2,0,0.24
4624076,16,5,3,0,1,1,4060,101,40,5.61
4716625,18,5,11,1,1,4,1965,5,2,0.05
4726000,2,5,9,0,0,2,6993,1,0,0.12
4733946,10,5,7,0,0,2,136213,11,2,0.51
4753830,26,5,13,0,0,7,84,1,0,0.12
4754543,3,5,6,1,1,5,679,16,14,0.33
4848172,24,5,13,1,1,8,679,10,9,0.20
4869551,24,5,2,1,0,4,182,37,23,6.73
4878873,21,5,1,1,0,5,21028,1,0,0.12
4896547,22,5,1,0,1,1,3381,13,5,13.00
4904020,4,5,6,0,0,3,511,70,14,28.23
5055945,22,5,9,0,1,2,50,6,0,0.45
5123452,19,5,3,0,1,2,56,5,4,1.25
5131867,17,5,1,0,0,5,721,2,0,0.34
5133056,6,5,9,1,1,2,119,1,0,0.12
5220040,2,5,13,1,1,9,10423,1,0,0.12
5258179,27,5,12,0,1,2,3472,124,27,34.95
5320998,13,5,7,0,0,10,1827,6,3,0.92
5334936,14,5,1,0,0,10,14,8,7,1.14
5345801,4,5,11,0,1,3,441,86,19,31.68
5446152,24,5,6,1,1,9,54012,4952,1928,136.74
5449383,3,5,5,0,1,8,133,6,5,1.20
5475737,25,5,2,0,1,1,33,5,2,0.21
5547802,7,5,12,0,0,10,973,1,0,0.12
5626172,11,5,12,0,1,3,11,7,2,0.04
5639310,24,5,2,0,1,1,49,6,3,0.73
5689563,23,5,5,0,1,7,56,7,4,2.33
5739224,22,5,1,0,0,7,7,1,0,1.00
5745948,21,5,1,0,0,8,6160,2,0,0.65
5775006,27,5,7,0,1,7,1827,8,1,1.14
5791400,24,5,13,1,1,6,91,3,2,0.37
5890570,13,5,11,0,1,8,133,2,1,0.38
5891464,25,5,5,0,1,4,889,144,66,64.13
5919020,21,5,1,1,1,1,987,2,0,0.02
5934510,25,5,9,1,1,7,784,10,7,0.08
5989590,1,5,9,0,0,9,588,6,4,2.40
6016753,24,5,7,0,1,10,63,1,0,0.12
6026455,17,5,1,0,1,3,42,1,0,0.10
6027689,3,5,6,0,0,8,973,1,0,0.12
6032866,16,5,5,1,0,4,182,8,3,0.29
6058683,13,5,2,0,1,7,4060,347,251,43.94
6064928,5,5,8,0,1,7,987,2,1,0.24
6101350,20,5,6,0,1,6,23,20,2,1.11
6111125,1,5,6,0,1,2,287,11,2,2.20
6186843,25,5,11,0,1,10,165361,110,5,42.65
6408967,23,5,1,0,0,2,70,10,3,1.11
6484982,23,5,10,0,1,9,11585,1098,214,283.79
6503668,15,5,10,0,0,10,294,14,1,9.33
6546716,29,5,5,1,1,8,1176,38,14,2.24
6576606,24,5,12,0,0,8,511,20,4,3.33
6577353,25,5,2,0,0,3,30961,423,395,121.50
6584639,26,5,11,0,1,9,1057,25,8,3.41
6632633,19,5,11,0,0,9,70,3,2,1.00
6650722,26,5,7,0,0,4,1253,18,1,6.75
6759184,16,5,9,0,0,2,42,29,27,8.92
6774742,10,5,4,0,1,5,28,2,0,0.24
6784664,29,5,13,1,1,8,16835,2850,1562,269.12
6818151,17,5,5,0,1,4,77,1,0,0.08
6857152,18,5,2,0,1,10,133,21,16,6.63
6967852,19,5,4,1,1,4,16835,153,150,10.13
7013557,3,5,6,1,1,10,10423,4058,993,111.47
7014622,24,5,13,0,0,2,4466,200,165,64.04
7062374,20,5,10,1,1,5,1245,1082,946,56.30
7151838,8,5,5,0,1,10,1589,9,5,1.13
7160005,24,5,6,0,1,3,336,24,3,6.86
7221117,5,5,5,0,0,8,7,1,0,0.12
7229842,20,5,11,0,1,4,50,1,0,0.08
7287943,25,5,1,1,1,1,343,1,0,0.07
7345281,7,5,10,0,0,1,49,30,17,13.33
7381909,21,5,12,1,1,10,1169,3,2,1.50
7398736,2,5,9,0,0,4,532,3,1,2.00
7433897,6,5,13,0,1,8,924,17,11,9.07
7511775,15,5,11,0,0,10,1827,39,0,29.82
7516745,2,5,10,1,1,7,2527,16,6,0.16
7595967,28,5,5,0,1,5,343,12,11,1.20
7701633,24,5,5,0,1,10,133,2,0,0.38
7736162,28,5,1,0,0,5,175,1,0,0.12
7766018,9,5,3,0,0,10,1400,18,10,3.38
7781148,29,5,1,0,0,10,280,1,0,0.12
7808771,22,5,13,0,1,5,308,18,4,13.20
7864351,3,5,1,1,0,1,609,3,0,0.50
7883676,7,5,9,0,1,8,133,9,8,1.13
8070598,19,5,2,0,0,4,189,7,4,3.50
8142943,4,5,1,0,0,5,56,2,1,0.40
8150231,7,5,9,0,1,2,133,6,0,1.20
8216398,20,5,8,1,1,6,1176,731,681,22.53
8225700,5,5,2,1,1,1,469,1,0,0.12
8297512,12,5,8,0,1,8,728,60,48,9.06
8381411,26,5,5,0,1,8,98,2,1,0.33
8418054,15,5,13,0,1,5,175,66,42,12.52
8424294,9,5,12,0,0,5,77,3,0,1.00
8458452,1,5,1,0,1,2,287,4,1,0.49
8496329,5,5,1,0,1,9,49,3,1,0.37
8615526,20,5,11,0,0,3,532,9,1,1.13
8630030,21,5,4,0,1,9,4060,139,14,14.69
8729953,21,5,12,0,1,4,287,48,15,12.28
8764569,22,5,8,0,1,6,63,7,6,2.33
8827419,17,5,8,0,0,6,6160,222,123,117.20
8905192,12,5,10,1,1,10,623,215,105,32.64
8926675,23,5,6,1,1,3,308,2,1,0.05
8945083,8,5,11,1,0,4,182,80,28,10.14
8959418,11,5,3,0,1,4,441,72,59,27.00
8981567,24,5,3,0,0,10,574,59,52,21.56
9026511,4,5,1,0,1,8,42,6,0,1.20
9099580,25,5,8,0,1,7,322,65,56,17.93
9121857,16,5,6,0,1,5,3472,94,27,27.18
9134056,28,5,1,0,0,9,721,43,5,10.18
9152051,13,5,7,0,0,9,532,62,50,21.42
9164867,19,5,8,0,0,9,49,1,0,0.20
9175151,18,5,12,1,1,6,294,7,5,1.17
9176123,12,5,10,0,1,2,11585,844,717,229.36
9214158,5,5,8,1,0,2,182,3,0,0.11
9276853,3,5,6,1,1,8,602,287,185,5.63
9285123,9,5,8,0,1,6,175,11,9,2.20
9334304,5,5,11,0,0,5,1526,3,1,0.27
9540271,10,5,4,0,1,5,28,5,2,2.50
9612570,7,5,9,0,1,6,48055,44,34,2.26
9641097,12,5,5,0,0,1,14,1,0,0.23
9718372,11,5,11,0,1,6,175,15,2,1.15
9818320,26,5,8,0,1,5,42,6,3,1.20
9882058,1,5,5,0,0,1,224,2,1,1.00
9924661,4,5,6,1,1,10,112,1,0,0.01
9955710,1,5,10,0,0,8,56,1,0,0.12
9973089,4,5,10,0,1,9,161,10,5,1.11
1030738,2,4,9,0,1,10,322,24,4,8.00
1171674,16,4,1,1,1,5,16835,451,170,21.29
1182004,4,4,9,1,0,1,105,8,0,3.43
1233476,2,4,3,0,0,3,70,17,0,6.80
1271917,12,4,8,0,0,2,70,2,0,0.24
1277136,1,4,3,1,1,3,1330,153,8,0.53
1297680,1,4,8,0,1,10,910,7,4,1.92
1421699,5,4,1,0,1,5,910,38,28,10.06
1541512,8,4,7,0,0,2,35,2,1,0.24
1589605,29,4,8,0,1,8,3472,63,14,18.00
1590396,8,4,6,0,1,5,77,1,0,0.12
1665428,27,4,6,0,0,3,49,1,0,0.20
1710409,2,4,3,0,1,2,441,60,42,19.25
1781041,22,4,12,0,1,7,630,10,2,3.33
1934021,20,4,8,0,1,10,56,7,5,1.17
1996603,23,4,10,0,1,4,56,5,0,0.47
2143795,7,4,8,0,0,6,1638,10,1,6.67
2203017,8,4,8,1,1,10,428,5,4,0.04
2229739,10,4,9,0,1,1,497,1,0,0.17
2270066,6,4,12,0,1,1,308,5,2,1.25
2288381,20,4,4,0,0,4,70,2,0,0.20
2360568,13,4,10,0,0,2,287,1,0,0.12
2362312,21,4,6,1,1,9,10423,1,0,0.01
2367710,10,4,11,1,1,5,315,2,0,0.02
2373772,26,4,2,1,1,2,15554,152,19,1.82
2429715,5,4,7,0,1,7,77,25,6,21.59
2611904,17,4,5,0,0,9,1911,20,18,13.33
2622828,13,4,8,0,1,3,210,18,16,2.25
2660362,27,4,10,0,1,2,175,1,0,0.08
2670254,2,4,13,0,1,7,1589,6,5,0.38
2814949,3,4,3,0,1,3,147,1,0,0.12
2837893,1,4,2,1,1,7,16835,2869,1615,254.47
2982964,15,4,2,0,0,6,224,37,19,17.94
2993334,5,4,4,0,1,10,165361,142,21,59.73
2997216,21,4,4,1,1,3,10423,1,0,0.01
3079973,3,4,4,0,1,1,33,6,4,0.25
3155594,1,4,10,0,0,8,161,1,0,0.25
3345727,16,4,6,0,0,4,77,11,4,3.30
3386208,24,4,11,0,1,4,238,50,8,21.59
3455077,16,4,8,0,1,3,11585,1391,400,351.14
3509397,23,4,12,0,1,7,910,7,0,1.92
3531655,11,4,5,0,0,9,7,1,0,0.12
3587007,9,4,2,0,1,3,910,64,60,16.84
3615502,3,4,2,0,1,9,910,22,15,3.47
3621197,2,4,12,1,1,9,679,2,0,0.04
3682101,20,4,5,0,0,7,1197,1,0,0.12
3719921,7,4,2,0,0,2,14,9,6,2.25
3726651,8,4,4,0,1,1,133,11,3,3.30
3786327,9,4,1,1,1,8,455,51,6,3.40
3824335,25,4,2,1,1,1,469,386,201,6.75
3852751,3,4,11,0,1,8,11585,5,2,1.25
3998649,17,4,5,1,1,5,952,19,9,3.35
4002164,19,4,10,0,0,9,30961,8,2,1.96
4027666,23,4,5,0,0,5,4466,459,55,156.38
4051123,7,4,9,0,1,10,63,8,1,2.29
4078344,29,4,11,0,0,2,511,45,9,15.75
4189681,6,4,7,0,0,5,35,2,1,1.00
4205096,18,4,13,0,1,10,133,7,0,1.17
4245272,17,4,4,1,1,3,683,596,348,38.52
4453139,24,4,13,0,1,3,441,18,0,1.13
4454146,23,4,3,0,0,6,189,1,0,0.12
4483664,22,4,12,0,0,4,4466,172,23,21.36
4710314,2,4,10,1,1,9,119,1,0,0.12
4786464,4,4,13,1,1,9,10423,1,0,0.12
4794501,7,4,2,0,0,1,1274,52,9,14.70
4840366,5,4,2,1,1,2,10423,41,6,5.01
4866758,2,4,1,0,0,10,1687,2,0,0.44
4894912,29,4,2,0,1,2,910,16,9,4.57
4920068,10,4,13,0,1,5,133,12,0,3.27
4986111,4,4,5,0,0,8,721,3,0,1.00
4997788,18,4,10,1,0,4,182,26,24,2.26
5176773,4,4,9,0,1,6,49,9,0,5.63
5200139,18,4,8,0,1,8,3381,16,10,11.43
5222724,15,4,8,0,1,3,56,3,1,0.28
5239463,15,4,10,0,0,9,350,8,6,2.29
5249555,6,4,9,0,0,6,70,1,0,0.12
5382365,5,4,8,0,1,8,63,5,3,1.25
5406906,9,4,4,0,0,9,1687,59,55,7.94
5407116,11,4,5,0,1,8,4060,116,14,12.39
5422301,19,4,11,0,1,4,175,1,0,0.08
5442948,16,4,6,0,1,8,287,48,10,12.28
5538471,19,4,9,0,0,5,98,6,4,1.20
5553687,22,4,2,0,1,4,77,5,0,1.25
5557591,9,4,2,0,0,10,1274,7,3,1.43
5559338,1,4,1,1,1,1,16835,375,274,8.27
5601571,16,4,7,0,0,2,70,40,23,17.14
5647036,13,4,4,1,1,5,2527,1,0,0.01
5811049,30,4,2,0,0,6,420,2,1,0.24
5821877,28,4,8,0,0,7,14,1,0,0.12
5902032,23,4,11,0,1,2,33,5,2,0.21
5902984,8,4,1,0,1,2,2170,2,1,0.33
5919263,23,4,11,0,1,10,28,3,0,1.00
5967630,4,4,1,0,1,10,77,7,1,3.50
6105316,15,4,9,0,1,1,63,3,0,1.00
6216390,7,4,2,0,1,7,322,15,0,1.15
6236363,16,4,12,1,1,7,7812,528,117,12.88
6377732,20,4,2,0,0,7,490,6,2,1.20
6503714,18,4,8,1,1,7,1965,226,48,2.09
6597803,27,4,7,0,1,2,133,11,4,3.30
6599862,14,4,8,0,0,9,5040,149,14,63.21
6712626,15,4,6,0,0,4,511,51,6,13.60
6786086,26,4,3,0,0,6,30961,543,490,151.27
6786726,8,4,9,0,0,9,49,2,1,1.00
6792460,5,4,8,0,1,3,8,1,0,0.08
6802656,1,4,1,0,1,10,48055,29,23,3.35
6836813,25,4,2,0,0,9,511,41,36,15.94
6845302,15,4,10,0,1,2,49,1,0,0.12
6886909,25,4,13,0,1,10,68656,3,0,0.27
6986270,20,4,11,1,1,2,15554,620,54,7.44
7071965,17,4,8,1,0,8,105,2,0,1.00
7093650,8,4,9,0,0,10,63,4,3,1.33
7102310,2,4,5,0,0,9,136213,185,0,45.12
7242442,17,4,13,0,1,9,11,8,1,1.14
7246931,15,4,4,0,1,6,4060,160,116,18.03
7262153,9,4,2,0,1,8,77,3,2,1.00
7322529,18,4,6,1,1,8,830,769,234,117.10
7425979,19,4,12,0,1,7,56,5,1,1.25
7474200,1,4,10,0,1,7,910,11,10,1.22
7480736,27,4,1,0,0,3,105,7,6,2.33
7542347,12,4,9,0,1,2,336,50,9,13.64
7596016,14,4,11,0,1,3,35,1,0,0.12
7688507,10,4,8,1,1,1,1330,492,457,6.76
7698752,24,4,7,0,0,3,5040,167,128,64.32
7864956,28,4,6,0,1,3,35,3,2,1.00
7931876,27,4,1,0,0,3,105,1,0,0.12
7937749,28,4,13,0,1,7,1183,1,0,0.04
8004759,23,4,8,0,1,2,63,7,2,1.17
8017310,18,4,4,0,0,1,133,1,0,0.12
8093287,19,4,2,0,1,9,4060,2,0,0.17
8213362,2,4,2,0,1,10,343,6,3,0.44
8247891,18,4,7,0,1,5,165361,169,143,102.53
8288156,14,4,13,1,1,4,822,719,460,58.69
8318212,1,4,8,0,1,5,11585,1321,1074,409.93
8330345,23,4,6,0,1,6,322,5,1,1.25
8336411,24,4,3,1,1,2,1176,9,4,0.09
8369910,4,4,8,0,1,1,98,6,4,1.20
8388922,19,4,11,0,1,1,42,8,6,3.43
8463686,17,4,8,0,1,4,1351,1,0,0.12
8464157,9,4,2,0,1,4,33,4,1,0.34
8495579,23,4,1,1,1,6,427,2,1,0.24
8496373,18,4,10,0,1,4,210,2,0,0.24
8563718,30,4,6,0,1,3,42,1,0,0.10
8573238,6,4,5,0,1,6,308,69,27,28.28
8633509,10,4,2,0,1,2,133,19,8,7.82
8653124,14,4,10,0,0,9,28,1,0,0.12
8760747,4,4,3,0,1,6,161,7,5,1.17
8977335,11,4,6,0,1,4,42,1,0,0.12
8995074,23,4,1,0,0,4,721,1,0,0.34
9008367,6,4,13,0,0,7,77,1,0,0.12
9045934,13,4,2,0,1,7,1057,8,4,1.14
9108495,24,4,3,1,1,5,16835,153,11,10.13
9124338,27,4,2,0,0,3,560,1,0,0.12
9161221,22,4,4,0,1,1,98,12,0,6.55
9190393,25,4,11,1,1,10,735,150,100,18.32
9196137,27,4,11,0,0,4,34762,2,1,0.24
9207399,14,4,11,0,1,10,343,2,1,0.15
9226673,13,4,11,0,1,3,11585,187,139,55.20
9231253,2,4,7,0,1,2,29,6,5,1.20
9346810,6,4,13,0,1,2,1183,34,2,3.40
9400956,7,4,6,0,1,6,1554,528,191,3.21
9414580,10,4,1,1,1,4,2464,303,265,10.81
9452972,26,4,3,1,1,10,54012,452,439,68.35
9469650,14,4,6,0,1,3,50,8,7,1.14
9494322,18,4,8,0,1,7,42,3,1,1.00
9552340,22,4,2,1,1,2,21028,19,9,11.18
9591588,3,4,9,0,1,10,3472,94,79,27.18
9809753,11,4,2,0,1,4,21,17,0,2.27
9863944,18,4,11,0,1,9,343,1,0,0.07
9957169,10,4,1,0,1,1,175,16,14,2.29
9972683,29,4,1,0,0,7,5040,46,33,13.46
9975962,16,4,1,0,1,4,49,6,3,1.20
1131672,22,3,3,0,1,2,462,2,1,0.24
1141017,18,3,6,0,0,9,98,11,2,2.20
1171806,6,3,7,0,1,1,77,8,3,4.57
1221935,9,3,11,0,1,6,224,19,0,8.94
1510850,4,3,6,1,1,6,10423,375,374,2.62
1577934,29,3,10,0,1,10,147,1,0,0.14
1583805,10,3,5,0,1,7,11585,843,66,315.14
1644047,30,3,2,1,1,2,784,546,366,18.05
1663128,8,3,2,0,1,1,49,6,5,2.40
1690409,10,3,5,0,1,4,343,12,11,4.36
1706690,13,3,2,0,0,4,84,8,2,0.98
1792777,12,3,4,1,1,4,252,1,0,0.12
1874122,15,3,11,1,1,3,343,42,4,25.67
1895431,6,3,8,1,1,1,98,5,2,0.04
1912363,21,3,8,0,1,4,133,10,3,4.44
1916201,2,3,7,0,0,6,1435,1,0,0.12
1935681,18,3,10,0,1,2,238,1,0,0.17
1992225,17,3,1,0,0,10,1274,9,4,2.25
2014282,15,3,3,0,0,5,98,9,2,1.13
2084352,30,3,5,0,1,10,1505,39,1,11.14
2092655,22,3,5,0,1,9,1505,2,1,0.10
2233755,28,3,12,1,1,6,308,3,2,0.08
2260084,8,3,3,0,1,5,133,6,2,1.20
2281581,28,3,3,0,0,3,1806,47,34,7.83
2300794,24,3,13,0,1,1,25830,5,1,0.72
2308109,9,3,7,0,0,8,70,5,1,0.49
2325939,5,3,13,1,1,5,469,4,2,0.02
2326656,4,3,8,0,1,8,133,12,5,3.27
2371662,14,3,4,0,1,3,910,49,21,25.07
2418079,7,3,3,0,0,7,945,1,0,0.12
2443166,5,3,6,0,1,10,336,105,19,22.58
2490831,4,3,3,0,0,7,175,9,4,1.13
2570296,29,3,1,0,1,7,1183,85,60,15.87
2594436,15,3,5,0,1,1,336,84,11,27.24
2614211,30,3,5,0,0,10,5040,6,4,1.67
2617272,28,3,13,1,1,6,987,584,178,23.68
2710946,8,3,8,0,0,7,21,17,11,6.80
2716304,7,3,4,0,0,9,721,145,67,94.42
2786874,12,3,12,0,1,8,49,2,1,0.24
2820276,24,3,13,1,1,8,15554,2803,1790,46.17
2842029,14,3,3,0,1,1,161,24,12,8.00
2855424,11,3,1,0,1,7,77,11,10,4.40
2997499,5,3,7,0,1,6,4060,17,11,1.49
3185233,12,3,9,0,0,4,110474,2,0,0.12
3194428,10,3,12,0,1,10,322,31,2,4.59
3235653,18,3,10,0,1,6,686,10,3,1.11
3280685,29,3,2,1,1,7,15554,41,3,1.14
3282564,14,3,6,0,1,8,49,3,2,1.00
3297547,9,3,9,1,1,10,10423,41,0,5.01
3338873,19,3,3,0,1,5,3381,17,7,7.93
3502739,7,3,7,0,1,2,308,2,0,0.55
3554359,26,3,7,0,1,9,77,3,2,1.00
3619387,28,3,7,1,1,10,343,2,1,0.14
3695436,30,3,9,0,1,7,1554,14,6,0.09
3700638,5,3,10,0,0,10,84,1,0,0.12
3849571,24,3,3,0,1,8,28,5,3,1.25
3877620,23,3,7,0,1,1,3472,1,0,0.12
4001629,8,3,7,1,1,4,30863,526,409,10.32
4018976,13,3,11,0,0,4,112,1,0,0.12
4059844,14,3,9,0,1,1,49,7,3,2.33
4187603,23,3,3,0,0,5,70,1,0,0.28
4321328,5,3,8,1,1,10,7812,1,0,0.02
4362468,13,3,7,0,1,1,924,7,6,3.50
4588280,9,3,2,0,0,2,80,72,50,45.00
4623071,4,3,11,0,1,8,25830,1,0,0.12
4776294,18,3,5,0,1,10,322,1,0,0.13
4776463,17,3,12,0,0,2,7665,163,23,29.23
4887090,6,3,5,0,1,9,343,11,4,2.20
4928500,7,3,6,0,1,2,11585,777,697,199.32
5044536,11,3,12,0,0,8,35,8,1,5.71
5126683,9,3,7,0,1,9,56,11,8,5.50
5342107,13,3,6,0,1,9,1008,61,13,27.11
5420832,9,3,6,0,1,6,343,19,16,5.59
5460481,17,3,9,0,1,8,175,61,27,12.43
5499346,5,3,10,0,1,6,7,3,0,0.02
5507470,27,3,1,0,1,2,175,51,9,14.73
5518348,18,3,4,0,0,9,245,14,2,8.17
5643406,29,3,8,1,1,10,119,1,0,0.12
5748430,16,3,2,0,1,2,112,23,4,3.45
5764836,1,3,12,0,0,4,574,2,1,0.37
5841675,8,3,13,1,1,6,119,1,0,0.12
5952017,10,3,12,0,1,4,77,11,1,8.80
6004524,11,3,5,0,0,3,133,2,1,1.00
6010829,3,3,6,0,1,1,686,5,4,0.23
6123739,30,3,11,0,0,3,28,20,6,6.67
6253384,4,3,8,1,1,3,16835,1225,1119,27.02
6285187,4,3,10,1,1,4,322,4,1,0.49
6306300,26,3,5,1,1,3,54012,451,236,68.20
6317150,11,3,10,1,1,5,2527,315,133,3.41
6339937,6,3,9,0,0,3,105,20,6,4.44
6351815,5,3,8,1,1,6,15554,1351,870,16.22
6483215,14,3,9,0,1,5,161,1,0,0.06
6518162,1,3,5,0,1,9,189,4,1,0.49
6535042,13,3,4,0,1,9,1057,37,19,15.70
6597300,29,3,9,0,1,6,175,76,44,12.48
6653811,16,3,8,0,1,2,175,3,1,0.25
6687813,2,3,3,0,1,7,910,25,19,3.41
6699756,2,3,1,0,0,6,1582,2,0,0.06
6754974,4,3,6,1,1,9,30863,2,1,0.04
6786592,22,3,10,0,0,5,98,2,1,0.24
6837107,22,3,11,0,1,5,63,9,2,1.69
6929160,4,3,1,0,1,5,133,1,0,0.19
7001658,18,3,3,1,1,9,10423,1,0,0.01
7099072,1,3,8,0,1,1,42,6,1,1.20
7186089,6,3,13,0,0,6,7665,301,298,58.62
7202690,27,3,6,0,0,2,30961,93,59,46.50
7225816,12,3,7,0,1,3,308,42,8,14.76
7264576,27,3,4,0,1,9,1183,7,1,0.25
7304470,3,3,4,0,1,5,25830,9,4,1.13
7312489,6,3,10,0,0,7,392,5,3,0.61
7341487,28,3,1,0,1,3,35,1,0,0.12
7342257,5,3,7,0,1,8,77,2,0,0.47
7398377,20,3,9,0,1,7,33,6,1,1.20
7414150,6,3,13,1,1,2,38579,37530,30620,1326.44
7424939,25,3,6,0,0,1,12565,1,0,0.12
7447718,13,3,3,0,0,9,105,6,2,3.60
7599803,24,3,2,0,1,5,50,11,4,5.50
7661459,21,3,5,0,0,1,301,103,35,45.27
7663333,23,3,9,0,1,8,14,2,1,0.24
7755285,20,3,6,0,1,5,427,5,1,0.61
7766124,22,3,12,0,0,1,98,15,10,3.46
7795992,18,3,7,0,0,7,420,89,71,10.87
7812442,17,3,7,0,0,4,6160,112,89,32.81
7847729,3,3,7,0,0,7,413,1,0,0.12
7852836,30,3,2,0,1,4,728,15,3,4.62
7877450,29,3,3,0,1,7,133,9,7,2.25
7893662,7,3,4,1,1,2,123,85,19,3.45
7917206,4,3,7,0,1,1,14,11,0,4.40
7940784,9,3,1,0,0,6,1274,52,18,14.70
8005903,14,3,12,0,0,1,63,1,0,0.12
8263619,14,3,3,0,1,8,98,1,0,0.10
8490870,28,3,9,0,1,5,3472,203,0,78.94
8520310,6,3,12,0,1,9,441,98,76,31.54
8520600,20,3,9,0,1,7,728,34,30,2.27
8564599,29,3,11,0,1,8,1057,10,7,1.11
8598973,9,3,13,0,1,6,42,2,0,0.36
8606119,10,3,6,0,0,7,168,15,13,5.77
8725674,3,3,13,0,0,8,728,221,24,73.29
8766440,12,3,4,0,0,6,294,4,1,1.33
8787518,25,3,2,1,1,1,1169,47,10,8.95
8789366,2,3,10,0,0,10,7,1,0,0.12
8825447,10,3,10,0,1,4,161,4,1,0.23
8870474,14,3,5,1,0,5,182,1,0,0.04
8989277,13,3,10,0,0,9,574,1,0,0.18
9093727,14,3,1,0,1,10,11585,1176,393,294.00
9154840,14,3,4,0,1,6,35,1,0,0.12
9199990,5,3,5,0,0,10,511,51,40,17.00
9342604,29,3,13,0,1,4,70,3,1,1.00
9395625,6,3,5,0,0,4,1806,1,0,0.14
9522103,17,3,13,0,1,10,77,6,3,1.20
9566616,30,3,3,0,1,6,336,67,48,18.17
9608406,5,3,12,0,1,9,21,1,0,0.12
9659715,6,3,3,1,1,10,602,2,1,0.01
9679689,30,3,8,0,1,4,3472,158,2,38.37
9691274,1,3,3,0,1,5,238,1,0,0.12
9705138,30,3,1,0,1,9,630,38,5,13.41
9713505,3,3,11,0,1,3,147,2,0,1.00
9746036,16,3,11,0,0,4,56,2,1,0.24
9767406,17,3,9,0,0,6,19747,1,0,0.12
9780279,16,3,3,0,1,2,875,11,10,1.10
9806080,20,3,1,0,1,3,1666,2,0,0.24
9905599,8,3,10,0,1,10,7,4,0,0.02
9921933,17,3,6,0,1,6,189,1,0,0.12
9925522,10,3,4,0,1,2,42,1,0,0.12
9960398,18,3,3,0,1,8,274,1,0,0.12
1029708,13,2,6,0,1,8,77,3,0,1.00
1099550,1,2,8,1,1,1,1245,1177,887,84.47
1107082,23,2,8,0,1,8,630,26,11,7.91
1190370,30,2,3,0,1,10,49,10,0,3.33
1199595,24,2,5,0,0,7,441,2,0,1.00
1213362,1,2,8,0,1,2,50,1,0,0.08
1240936,29,2,5,0,1,9,287,38,29,12.29
1247291,1,2,8,0,0,7,4466,33,17,1.14
1248609,24,2,3,0,0,8,301,17,12,7.93
1267039,25,2,10,0,1,3,133,10,7,6.67
1280007,25,2,10,1,1,6,235,215,40,5.63
1383449,5,2,5,0,1,4,245,10,4,1.11
1417499,26,2,12,0,0,6,1582,16,3,2.29
1440801,24,2,10,0,0,2,574,59,16,21.56
1516577,4,2,4,0,1,2,14,2,0,0.24
1535873,6,2,5,0,0,9,1778,1,0,0.12
1555010,30,2,4,0,1,10,343,1,0,0.07
1645940,29,2,4,0,1,6,33,6,0,0.25
1670249,1,2,3,1,1,8,30863,1520,250,17.91
1674166,22,2,10,0,1,9,77,1,0,0.08
1703311,14,2,4,0,0,3,7,2,0,0.24
1705327,19,2,8,0,0,7,136213,162,49,42.75
1767833,10,2,8,1,1,1,315,5,3,0.04
1907655,5,2,3,0,0,5,574,22,7,8.11
1954319,12,2,8,0,0,9,147,8,2,3.43
2063792,18,2,2,0,1,10,56,9,6,5.63
2097820,2,2,10,0,1,6,133,2,1,1.00
2112488,1,2,6,0,1,5,77,10,3,4.44
2122221,24,2,5,1,1,7,427,2,1,0.24
2135199,29,2,7,0,0,4,252,1,0,0.08
2200582,10,2,9,0,1,2,343,4,0,0.29
2268136,4,2,5,0,1,4,287,3,1,0.37
2308954,5,2,8,1,1,1,16835,301,33,5.34
2338987,25,2,10,0,0,2,1526,1,0,0.09
2383696,27,2,1,0,0,9,294,5,3,2.50
2407409,23,2,8,0,0,1,1827,9,2,1.13
2571738,16,2,12,1,1,10,30863,676,398,13.27
2622663,1,2,1,1,1,10,308,209,101,16.95
2694612,10,2,3,1,1,6,2464,23,10,2.30
2760260,13,2,11,0,0,1,14,1,0,0.12
2794749,11,2,12,0,1,5,1505,1,0,0.05
2830165,2,2,6,0,0,1,1806,35,28,5.65
2842160,26,2,11,0,1,7,238,11,0,4.40
2858344,19,2,13,1,1,4,30863,389,87,5.64
2876782,1,2,11,1,0,1,10423,19,2,2.32
2957852,5,2,6,1,1,1,987,6,0,0.06
3010361,22,2,5,0,1,4,343,6,3,0.44
3068146,19,2,8,0,0,10,30961,38,26,7.82
3081918,29,2,1,0,0,4,728,5,4,1.25
3116194,29,2,5,0,0,9,4466,561,297,199.39
3138151,19,2,4,0,1,8,175,61,38,10.17
3223034,5,2,11,0,1,1,910,43,19,14.71
3298451,24,2,8,0,1,4,25830,333,110,96.75
3333275,2,2,8,0,1,10,4060,93,38,11.34
3362467,8,2,7,0,1,6,14,1,0,0.20
3374797,12,2,10,1,0,4,21028,1,0,0.12
3380299,3,2,7,0,1,6,1008,18,5,3.38
3458270,24,2,11,0,1,8,35,1,0,0.12
3472214,4,2,11,0,0,7,721,43,41,10.18
3486019,27,2,1,0,0,2,364,16,7,2.29
3569908,2,2,3,0,1,8,7,5,3,0.03
3581223,14,2,8,0,0,8,56,11,10,4.40
3608587,22,2,12,0,0,10,49,1,0,0.12
3717837,3,2,5,0,0,10,35,5,4,0.61
3793123,2,2,2,0,1,9,1288,1,0,0.12
3807595,21,2,4,1,1,4,16835,225,141,3.99
3833137,8,2,10,0,1,10,161,74,25,23.55
3841062,3,2,10,0,0,9,3045,62,35,13.53
3922119,4,2,1,0,0,6,56,2,1,0.24
4071275,3,2,2,0,1,2,140,9,8,1.13
4098357,29,2,4,0,1,6,630,6,5,2.40
4141815,14,2,8,1,1,7,315,2,1,0.02
4321217,20,2,1,0,1,8,25830,1,0,0.14
4332151,1,2,5,0,0,10,574,4,0,0.73
4337878,21,2,1,0,1,8,497,10,8,3.33
4362517,25,2,11,0,0,9,1687,98,39,16.90
4362689,28,2,11,0,1,2,3472,112,56,29.41
4398789,2,2,5,1,1,3,196,5,4,0.04
4487074,2,2,9,0,0,9,98,21,15,7.74
4562198,23,2,9,0,1,5,343,8,3,1.14
4577288,2,2,5,0,1,3,7,1,0,0.12
4609379,24,2,3,1,1,2,1176,9,4,0.09
4653294,18,2,6,0,1,9,322,63,58,18.00
4724364,24,2,1,1,1,4,784,226,150,1.87
4748419,8,2,11,0,0,5,224,1,0,0.12
4813077,24,2,10,0,1,5,441,15,0,1.15
4896523,21,2,4,0,1,3,889,6,5,2.40
4941996,18,2,8,0,1,2,77,3,2,0.29
4984459,7,2,3,0,1,5,11585,787,578,192.53
5080319,10,2,1,0,0,10,6160,24,17,6.86
5157710,20,2,8,0,1,6,343,1,0,0.18
5220574,2,2,11,0,0,6,70,1,0,0.10
5242475,28,2,6,0,0,1,7665,1,0,0.12
5264197,3,2,13,0,0,3,1281,1,0,0.06
5368114,17,2,11,0,1,4,336,57,37,16.76
5454740,19,2,3,0,1,10,686,14,10,2.33
5492260,2,2,11,0,0,4,3045,34,26,3.40
5526661,23,2,6,0,1,8,28,7,3,0.04
5563858,2,2,9,0,1,5,245,3,1,0.17
5570804,11,2,2,1,1,10,28,3,2,0.37
5709632,23,2,3,0,0,2,1806,1,0,0.14
5718106,7,2,9,0,0,3,1806,62,53,34.95
5766099,11,2,4,0,0,8,301,103,38,43.01
5768598,25,2,9,1,0,10,609,7,4,2.33
5769845,23,2,5,0,1,8,161,10,4,3.33
5777792,3,2,12,0,1,3,343,8,5,1.14
5785206,21,2,11,0,1,8,147,1,0,0.12
5816383,19,2,8,0,0,4,98,1,0,0.12
5860656,16,2,2,0,0,4,105,27,8,19.12
5877962,9,2,2,1,1,6,2289,1047,298,33.77
6008007,24,2,1,1,1,7,30863,6,2,0.03
6029909,4,2,1,1,1,4,10423,1771,1591,49.54
6061257,19,2,12,0,1,9,48055,15,4,1.15
6094269,6,2,7,1,1,5,54012,112,28,74.67
6099625,14,2,9,1,1,8,2527,785,137,47.30
6100395,25,2,10,0,1,10,322,59,30,14.75
6264193,5,2,3,0,1,7,3472,57,43,27.94
6359322,20,2,8,0,0,7,392,1,0,0.12
6372773,23,2,12,0,0,9,518,15,12,4.62
6420313,21,2,1,0,1,10,4060,13,9,1.18
6467489,30,2,12,1,1,3,385,1,0,0.12
6470269,9,2,4,0,1,7,28,2,0,0.24
6475652,28,2,7,0,1,2,98,18,5,5.63
6484223,1,2,1,0,1,4,68656,728,517,324.56
6518034,9,2,4,0,0,6,721,2,0,1.00
6552066,15,2,2,0,1,6,343,3,1,0.22
6559599,28,2,13,0,1,1,4256,1,0,0.12
6577888,18,2,2,1,1,9,54012,154,116,23.29
6585049,4,2,11,1,1,9,455,1,0,0.11
6615265,24,2,8,0,1,4,165361,106,49,53.00
6807994,1,2,7,1,1,2,30863,2646,51,31.17
6809441,21,2,9,0,1,4,63,3,0,0.37
6817564,5,2,7,0,0,6,1113,5,1,1.25
6853746,20,2,8,0,1,10,889,105,78,41.77
7012099,2,2,12,1,1,2,1344,41,20,2.28
7062204,30,2,12,0,1,6,33,9,3,1.13
7072178,24,2,4,0,0,5,973,7,2,1.13
7201790,14,2,5,0,1,6,28,2,0,0.01
7244640,15,2,1,0,1,5,686,38,6,6.71
7265787,16,2,2,0,1,7,14,5,1,0.03
7279513,3,2,13,1,1,8,322,6,0,0.73
7361503,11,2,9,0,1,6,49,9,2,5.63
7515356,24,2,10,0,1,9,175,31,1,9.19
7526473,3,2,1,1,1,3,7812,118,73,6.94
7552300,8,2,12,0,1,5,63,8,2,2.29
7627729,17,2,8,0,0,1,574,1,0,0.12
7695005,14,2,5,1,1,1,2527,18,7,0.18
7818514,15,2,7,0,1,4,98,18,15,6.75
7830439,30,2,8,0,1,2,3381,7,2,4.67
7896306,19,2,9,0,1,5,4060,116,47,12.39
8043549,8,2,4,0,1,6,63,2,1,0.24
8113829,10,2,11,0,1,1,28,25,21,1.14
8314159,5,2,12,0,0,2,91,3,1,0.12
8374638,14,2,2,0,1,10,308,20,13,4.71
8399558,15,2,10,0,0,8,1827,2,1,0.31
8456461,16,2,2,0,1,1,98,3,2,1.00
8481374,13,2,1,0,0,5,5040,239,86,125.14
8498344,26,2,3,0,0,7,420,1,0,0.12
8544587,11,2,11,0,0,8,476,1,0,0.12
8627291,28,2,5,0,1,9,4060,42,13,5.68
8693731,26,2,4,0,1,9,14,1,0,0.12
8714070,26,2,6,1,1,3,830,27,8,9.00
8723558,4,2,6,0,1,10,56,5,4,2.50
8808222,1,2,10,0,1,5,441,96,49,29.36
8809389,24,2,5,1,1,3,469,2,1,0.01
8813484,5,2,8,0,1,1,161,16,14,3.43
8825810,13,2,12,1,1,10,16835,1225,354,27.02
8919925,2,2,11,0,0,6,63,1,0,0.12
9003596,24,2,11,1,0,7,182,5,1,0.18
9042098,23,2,9,0,1,7,25830,1,0,0.14
9179432,30,2,13,0,1,3,336,12,2,3.27
9189453,22,2,10,0,1,2,63,2,1,0.38
9191423,6,2,9,0,0,5,252,15,10,2.31
9215942,11,2,4,0,0,3,30961,63,31,10.13
9240961,14,2,1,0,1,10,1554,2,1,0.01
9274601,7,2,6,1,1,6,16835,4614,50,390.79
9364187,16,2,2,0,1,6,14,1,0,0.12
9472754,25,2,9,0,1,4,77,6,0,3.60
9488405,24,2,3,1,1,9,455,9,6,2.25
9547740,23,2,13,0,1,1,175,27,11,2.23
9578580,13,2,8,1,1,5,15554,43,6,1.19
9593220,27,2,11,1,1,10,2527,2,0,0.02
9656703,8,2,6,0,1,5,441,50,49,10.23
9677632,14,2,3,0,0,2,1806,49,15,11.40
9808005,19,2,11,0,1,10,7,5,0,0.03
9924481,21,2,10,0,1,6,301,3,0,0.37
9943887,5,2,3,0,0,6,161,5,2,2.50
9972563,29,2,12,0,1,1,29,3,1,0.32
9980248,8,2,3,0,1,4,728,23,7,4.60
1005216,25,1,13,0,0,8,140,2,0,0.24
1006708,24,1,2,0,0,10,224,1,0,0.20
1024570,28,1,13,0,1,7,63,10,0,2.22
1036088,23,1,8,0,0,5,7665,6,3,0.73
1122893,2,1,5,0,1,6,133,5,1,0.94
1198586,1,1,13,0,1,3,28,9,7,0.05
1202981,2,1,5,0,0,10,28812,1,0,0.12
1257569,15,1,3,1,1,8,856,429,101,10.16
1264980,25,1,12,0,1,3,21,9,1,0.05
1294104,29,1,11,0,1,7,98,1,0,0.09
1301852,6,1,12,0,0,9,110474,180,105,85.59
1317082,30,1,5,0,1,10,161,74,21,23.55
1335725,19,1,10,0,1,8,1057,19,11,4.47
1356385,5,1,3,0,1,8,28,1,0,0.12
1372089,17,1,2,0,0,4,721,20,11,5.56
1425296,7,1,8,0,1,1,25830,479,168,145.39
1428805,16,1,8,0,1,8,175,89,16,14.81
1447781,19,1,1,0,0,2,147,5,3,2.50
1498822,23,1,2,0,0,2,1281,92,90,21.32
1523176,7,1,4,0,1,3,50,7,0,0.53
1604879,5,1,4,0,0,4,56,1,0,0.12
1623985,15,1,11,0,1,3,1008,21,20,4.42
1626526,26,1,10,0,0,1,49,2,0,0.40
1654114,25,1,8,0,1,8,308,13,10,2.36
1693330,7,1,3,0,1,5,910,76,51,47.64
1803470,20,1,5,1,1,5,455,154,116,1.42
1842435,17,1,11,0,0,9,20587,7,5,1.17
1873528,8,1,9,0,1,6,1589,42,17,9.08
1875194,15,1,3,0,0,4,973,27,22,11.74
1896495,5,1,11,0,0,4,49,1,0,0.25
1956622,26,1,8,0,1,7,77,2,1,0.19
2013206,6,1,12,1,1,10,7812,301,33,7.34
2052752,19,1,3,0,1,1,336,65,4,17.93
2113035,17,1,2,0,0,10,6160,207,50,93.38
2170660,22,1,13,0,0,7,126,6,1,2.40
2218774,29,1,12,0,1,1,77,5,0,1.25
2315604,24,1,10,1,1,9,21028,20,5,11.76
2424938,18,1,13,0,1,2,7,1,0,0.12
2498342,1,1,9,0,0,3,6160,113,53,38.42
2500117,20,1,1,0,1,5,133,6,5,4.80
2565399,29,1,10,1,1,4,420,359,351,14.77
2623493,3,1,12,1,1,6,854,8,3,1.14
2623867,14,1,3,0,1,10,322,70,50,16.94
2712308,17,1,3,0,0,3,14,8,0,1.14
2752956,30,1,13,0,1,10,308,69,27,35.07
2770598,10,1,3,0,1,5,175,51,50,8.11
2786415,25,1,3,0,1,8,441,35,17,5.65
2832497,17,1,13,0,0,1,28,19,0,11.18
2844613,19,1,1,1,1,8,196,1,0,0.12
2860935,27,1,4,1,1,10,112,1,0,0.01
2904592,3,1,6,0,1,8,133,1,0,0.19
2964498,17,1,9,0,0,4,595,1,0,0.12
2978634,7,1,8,0,0,7,203,3,0,1.00
3032032,30,1,10,0,1,4,336,89,59,20.28
3073062,3,1,7,0,1,5,308,2,1,0.55
3172127,2,1,13,0,0,10,476,1,0,0.12
3222201,21,1,8,0,1,1,77,3,0,1.00
3246365,6,1,12,0,0,5,721,12,11,2.40
3250793,20,1,13,0,1,8,161,10,7,2.22
3314034,25,1,13,0,1,6,49,6,5,1.20
3373360,24,1,2,0,1,4,875,41,10,7.97
3500761,1,1,9,0,1,4,175,17,5,2.43
3517732,15,1,13,0,1,6,56,2,0,0.19
3726396,10,1,3,0,1,1,924,5,1,2.50
3732609,13,1,6,0,1,7,33,10,3,1.11
3810517,20,1,4,0,0,5,7,3,1,0.37
3812189,26,1,12,0,0,5,490,11,4,2.20
3866457,23,1,2,0,0,10,56,2,0,0.24
3943324,6,1,1,0,0,5,20587,4,3,0.33
3951827,7,1,7,0,0,9,1827,79,52,48.53
3969940,13,1,2,1,1,4,10423,23,8,2.30
3987490,22,1,1,0,0,5,6160,16,0,3.43
3990069,24,1,7,0,1,5,161,24,12,4.57
3996165,19,1,2,0,1,1,910,21,20,5.83
4000813,23,1,12,0,1,1,441,57,46,12.54
4005368,30,1,3,0,1,4,924,1,0,0.12
4036918,12,1,8,0,0,7,49,18,8,6.75
4192922,28,1,4,0,0,8,511,48,10,13.40
4255062,16,1,13,0,0,4,973,39,33,22.94
4261237,5,1,8,0,0,5,532,1,0,0.12
4306682,2,1,9,0,1,1,308,26,1,4.52
4430906,27,1,10,0,1,1,49,3,2,0.37
4469188,9,1,7,0,1,8,49,6,5,2.40
4577562,14,1,11,0,0,10,14,8,4,1.14
4623682,9,1,4,0,0,6,35,2,1,0.24
4646699,8,1,1,1,1,5,735,11,2,1.34
4681563,7,1,12,0,0,8,973,35,13,15.17
4729615,4,1,6,0,0,4,5040,60,55,14.72
4741157,25,1,9,1,1,1,16835,733,526,13.00
4847320,14,1,11,0,1,3,49,2,1,1.00
4888434,7,1,7,0,0,1,136213,6,5,0.28
4970326,6,1,10,0,1,4,49,7,1,2.33
5000442,30,1,10,0,0,3,7665,88,37,15.79
5029806,5,1,10,0,0,6,3745,1,0,0.12
5044260,9,1,2,0,1,8,308,10,4,2.22
5136589,17,1,10,0,1,6,21,2,0,1.00
5162553,27,1,10,0,1,6,98,7,3,3.50
5236530,29,1,3,0,1,3,49,5,1,1.25
5260742,19,1,6,0,1,3,175,55,7,13.47
5275149,26,1,1,0,1,9,147,5,0,2.50
5306724,16,1,13,0,0,3,4466,70,18,6.77
5413459,17,1,1,0,1,5,1183,1,0,0.04
5475816,25,1,2,0,0,7,35,2,0,0.24
5490034,5,1,8,0,1,7,210,23,6,4.60
5524819,4,1,7,0,1,7,50,1,0,0.08
5556821,14,1,8,1,1,5,602,2,0,0.01
5569220,24,1,2,0,0,1,6160,211,123,107.19
5612829,12,1,5,0,0,1,364,6,0,0.43
5868850,15,1,8,0,0,5,868,9,8,5.63
5946080,23,1,12,0,0,3,861,3,0,0.37
5969105,28,1,12,0,0,10,1526,83,24,22.43
6029908,27,1,12,0,1,5,322,11,6,3.30
6064232,16,1,2,1,1,7,16835,301,107,6.64
6084992,12,1,1,0,1,8,147,8,0,2.29
6205389,25,1,1,0,1,10,1183,1,0,0.12
6230364,13,1,2,0,0,3,378,1,0,0.12
6263203,26,1,6,0,1,3,210,7,6,0.86
6304009,29,1,3,1,1,10,2464,229,116,8.17
6313107,29,1,7,0,1,5,336,57,13,16.76
6386395,23,1,10,0,1,2,686,52,0,10.17
6418949,12,1,4,0,1,2,1554,14,5,0.09
6465355,28,1,8,0,0,10,30961,63,26,10.13
6497331,29,1,11,1,1,1,196,5,0,0.04
6503364,30,1,8,1,0,4,133,38,16,20.12
6505634,23,1,3,0,0,2,14,2,1,1.00
6552606,5,1,4,0,1,10,63,1,0,0.12
6562201,1,1,2,1,1,3,987,6,4,0.06
6566819,5,1,1,0,0,1,525,1,0,0.12
6575029,27,1,11,0,0,6,7665,9,4,1.28
6590745,7,1,8,1,1,8,30863,316,254,22.57
6595671,6,1,8,0,1,8,2170,228,118,83.52
6617540,20,1,3,0,1,6,29,1,0,0.11
6667181,2,1,1,0,1,8,29,3,1,1.00
6703850,1,1,1,0,1,9,7,5,1,0.03
6833254,5,1,11,1,1,8,10423,10105,7518,810.74
6862846,22,1,13,1,1,4,70,1,0,0.12
6973811,11,1,6,0,0,8,273,3,2,0.37
6985663,29,1,8,1,1,7,30863,5,0,0.02
7075470,29,1,10,0,0,6,70,10,3,1.11
7146443,22,1,12,0,1,6,77,4,3,1.33
7262577,19,1,9,1,1,10,784,6,0,0.05
7292401,22,1,13,0,1,8,910,70,66,21.45
7295791,2,1,5,0,1,8,322,55,20,12.35
7415987,5,1,3,0,1,5,119,1,0,0.12
7438653,24,1,8,0,1,10,308,38,33,10.06
7533511,6,1,9,1,1,8,2289,9,3,0.10
7561044,10,1,11,0,1,8,1008,5,2,0.38
7586385,29,1,10,0,1,2,175,50,37,11.36
7603178,2,1,1,0,0,6,63,9,7,4.50
7614602,25,1,9,1,1,2,1169,3,2,1.50
7661788,19,1,11,1,1,6,54012,159,14,106.00
7822496,16,1,13,0,0,10,5040,1,0,0.28
7951929,14,1,12,0,0,7,140,7,2,3.50
8020876,19,1,3,0,1,5,105,11,0,6.60
8047461,19,1,3,0,0,8,14,2,1,1.00
8098518,23,1,9,0,0,3,525,2,0,0.24
8139770,26,1,7,0,1,7,63,1,0,0.12
8152802,21,1,7,1,1,3,2464,23,22,2.30
8243532,23,1,9,1,1,5,30863,3099,2722,104.73
8247731,18,1,13,0,1,10,21,6,0,1.20
8256029,27,1,11,1,1,8,15624,9935,4348,284.95
8298660,15,1,12,0,1,5,1554,375,231,2.28
8365151,28,1,11,0,1,4,1554,1535,1367,65.32
8389894,8,1,4,0,0,5,1806,40,2,6.86
8481148,24,1,6,0,0,9,7665,28,1,4.48
8484398,9,1,4,0,1,10,1008,3,1,1.00
8503063,22,1,4,1,1,4,2527,2,1,0.02
8509515,9,1,8,1,1,1,315,2,1,0.02
8558163,18,1,10,0,1,1,28,14,6,7.00
8714836,25,1,10,1,1,5,2499,68,30,3.40
8740885,2,1,8,0,1,6,56,3,1,0.28
8749765,24,1,8,0,1,4,336,95,47,18.10
8769015,6,1,12,0,1,2,11585,1387,74,350.13
8808038,15,1,8,0,1,5,1827,2,1,0.14
8825473,21,1,13,0,1,1,7,1,0,0.04
8856031,29,1,11,1,1,2,1330,3,1,0.01
8911925,26,1,11,0,1,1,42,2,1,0.21
8918633,10,1,9,1,1,8,30863,316,24,22.57
8936222,7,1,2,1,1,3,1965,5,3,0.05
8941048,14,1,12,0,0,9,5040,121,120,44.10
9031087,21,1,4,1,1,4,1245,1082,800,56.30
9082462,13,1,3,0,0,4,721,20,15,5.56
9255860,23,1,1,0,1,7,210,2,0,0.13
9273594,16,1,1,1,1,4,294,16,7,1.95
9390936,7,1,6,0,1,7,161,1,0,0.24
9391018,9,1,6,1,1,2,10423,676,345,82.57
9437624,10,1,6,0,1,9,644,152,27,18.57
9487594,20,1,1,0,0,7,5040,202,123,116.23
9613764,11,1,7,0,1,6,889,127,43,58.44
9703182,17,1,9,0,1,8,28,5,4,0.03
9805008,12,1,9,0,0,4,4466,588,321,214.02
9806481,23,1,5,0,1,9,105,9,8,1.13
9807840,16,1,1,0,0,1,19747,1,0,0.12
9820028,5,1,13,0,1,6,308,169,42,46.66